<application>
  <component name="DefaultFont">
    <option name="FONT_SIZE" value="18" />
    <option name="FONT_FAMILY" value="Consolas" />
  </component>
  <component name="EditorSettings">
    <option name="USE_SOFT_WRAPS" value="" />
    <option name="SHOW_QUICK_DOC_ON_MOUSE_OVER_ELEMENT" value="true" />
  </component>
  <component name="TodoConfiguration">
    <pattern pattern="\btodo\b.*" />
    <pattern icon="important" useCustomColors="true" pattern="\bfixme\b.*">
      <option name="FOREGROUND" value="bf0d1a" />
      <option name="FONT_TYPE" value="3" />
      <option name="EFFECT_COLOR" value="ffffff" />
      <option name="ERROR_STRIPE_COLOR" value="e30808" />
      <option name="EFFECT_TYPE" value="4" />
    </pattern>
    <pattern icon="important" useCustomColors="true" case-sensitive="true" pattern="System.out.println">
      <option name="FOREGROUND" value="bf0905" />
      <option name="BACKGROUND" value="fbff44" />
      <option name="FONT_TYPE" value="3" />
      <option name="EFFECT_COLOR" value="78ff16" />
      <option name="ERROR_STRIPE_COLOR" value="e30509" />
      <option name="EFFECT_TYPE" value="4" />
    </pattern>
    <pattern useCustomColors="true" pattern="\bDES\b.*">
      <option name="FOREGROUND" value="ffffff" />
      <option name="BACKGROUND" value="1b9c2b" />
      <option name="FONT_TYPE" value="3" />
      <option name="ERROR_STRIPE_COLOR" value="ee321" />
      <option name="EFFECT_TYPE" value="4" />
    </pattern>
  </component>
</application>