<application>
  <component name="GeneralSettings">
    <option name="confirmExit" value="false" />
    <option name="defaultProjectDirectory" value="D:\DeskTop\smartnote" />
    <option name="reopenLastProject" value="false" />
    <option name="searchInBackground" value="true" />
    <option name="showTipsOnStartup" value="false" />
  </component>
  <component name="Registry">
    <entry key="ide.firstStartup" value="false" />
    <entry key="ide.windowSystem.autoShowProcessPopup" value="true" />
  </component>
</application>