<application>
  <component name="TemplateSettings">
    <option name="deletedKeys">
      <list>
        <TemplateKey>
          <option name="groupName" value="Android" />
          <option name="key" value="Toast" />
        </TemplateKey>
        <TemplateKey>
          <option name="groupName" value="Android" />
          <option name="key" value="fbc" />
        </TemplateKey>
        <TemplateKey>
          <option name="groupName" value="Android" />
          <option name="key" value="foreach" />
        </TemplateKey>
        <TemplateKey>
          <option name="groupName" value="Android" />
          <option name="key" value="IntentView" />
        </TemplateKey>
        <TemplateKey>
          <option name="groupName" value="Android" />
          <option name="key" value="ViewConstructors" />
        </TemplateKey>
        <TemplateKey>
          <option name="groupName" value="Android" />
          <option name="key" value="wrapIt" />
        </TemplateKey>
        <TemplateKey>
          <option name="groupName" value="Android" />
          <option name="key" value="noInstance" />
        </TemplateKey>
        <TemplateKey>
          <option name="groupName" value="Android" />
          <option name="key" value="const" />
        </TemplateKey>
        <TemplateKey>
          <option name="groupName" value="Android" />
          <option name="key" value="visible" />
        </TemplateKey>
        <TemplateKey>
          <option name="groupName" value="AndroidLog" />
          <option name="key" value="loge" />
        </TemplateKey>
        <TemplateKey>
          <option name="groupName" value="AndroidLog" />
          <option name="key" value="logi" />
        </TemplateKey>
      </list>
    </option>
  </component>
</application>